new_cases,total_cases,deaths,recoveries,active_cases,mortality_rate,recovery_rate
778,704684440,7009936,675514012,22160492,0.9947624216024977,95.86049778536334
